﻿pos_x,pos_y,rotation,side,designator,mpn,pack,footprint,value,mount_type
173.5,-107.25,180.0,top,C1,,,C_0805_2012Metric,10uF,smt
134.4409,-92.92,90.0,top,C2,,,C_0805_2012Metric,100uF,smt
172.4409,-110.48,0.0,top,C3,,,C_0805_2012Metric,1uF,smt
129.5136,-93.6,90.0,top,C4,,,C_0805_2012Metric,100uF,smt
131.9409,-93.23,90.0,top,C5,,,C_0805_2012Metric,100uF,smt
124.6318,-98.59,0.0,top,C6,,,C_0805_2012Metric,100uF,smt
150.0,-100.0,180.0,bottom,CH1,,,SW_choc_v1_HS_CPG135001S30_1u,choc_v2_SW_HS,smt
167.455,-106.86,180.0,top,IC1,LD1117S33CTR,,SOT223,LD1117-3.3V-SOT223,tht
124.3267,-112.75,107.5,top,J1,,,1x08_P2.54mm,Input,tht
175.75,-112.75,73.0,top,J2,,,1x08_P2.54mm,Output,tht
127.62,-109.61,90.0,top,J3,,,PinHeader_01x05_P2.54mm_Vertical_THT_D1.4mm,PinHeader_01x05_P2.54mm_Horizontal_SMD,tht
161.0,-107.5,90.0,top,JMP_BTN1,,,Jumper_2_NO_NoSilk,~,tht
161.0,-105.5,-90.0,top,JMP_BTN2,,,Jumper_2_NO_NoSilk,~,tht
161.0,-103.5,-90.0,top,JMP_BTN3,,,Jumper_2_NO_NoSilk,~,tht
161.0,-101.5,-90.0,top,JMP_BTN4,,,Jumper_2_NO_NoSilk,~,tht
161.0,-99.5,-90.0,top,JMP_BTN5,,,Jumper_2_NO_NoSilk,~,tht
161.0,-97.5,-90.0,top,JMP_BTN6,,,Jumper_2_NO_NoSilk,~,tht
161.0,-95.5,-90.0,top,JMP_BTN7,,,Jumper_2_NO_NoSilk,~,tht
161.0,-93.5,-90.0,top,JMP_BTN8,,,Jumper_2_NO_NoSilk,~,tht
124.405,-95.305,180.0,top,JP1,,,JUP_P5.08mm,JUP_P5.08mm,tht
176.83,-95.06,180.0,top,R1,,,R_0805_2012Metric,10k,smt
138.5,-92.5,180.0,top,R2,,,R_0805_2012Metric,22,smt
138.5,-94.5,180.0,top,R3,,,R_0805_2012Metric,22,smt
143.2425,-91.27,0.0,top,R4,,,R_0805_2012Metric,5.1k,smt
156.79,-91.13,0.0,top,R5,,,R_0805_2012Metric,5.1k,smt
165.025,-93.525,0.0,top,SW1,,,SW_PUSH_6mm,Push_Button,tht
134.6798,-100.901,90.0,top,U1,,,LQFP-36_7x7mm_P0.65mm,~,smt
150.0,-84.5,180.0,top,USB1,,,HRO-TYPE-C-31-M-12-HandSoldering,HRO-TYPE-C-31-M-12,smt
