﻿Designator,Quantity,Value,Footprint,Package,MPN,DNP,Mount_Type,Description,Manufacturer,PROD_ID
C1,1,10uF,C_0805_2012Metric,,,,smt,"SMD 0402 MLCC capacitor, Alternate KiCad Library",,
"C2, C4, C5, C6",4,100uF,C_0805_2012Metric,,,,smt,"SMD 0402 MLCC capacitor, Alternate KiCad Library",,
C3,1,1uF,C_0805_2012Metric,,,,smt,"SMD 0402 MLCC capacitor, Alternate KiCad Library",,
CH1,1,choc_v2_SW_HS,SW_choc_v1_HS_CPG135001S30_1u,,,,smt,"Push button switch, normally open, two pins, 45° tilted",,
IC1,1,LD1117-3.3V-SOT223,SOT223,,LD1117S33CTR,,tht,"3.3V Voltage Regulator, SOT-223-3, Imax=0.8A, VinMax=15V, Vdrop=1V",STMicroelectronics,
J1,1,Input,1x08_P2.54mm,,,,tht,JST locking connector,,CONN-25026
J2,1,Output,1x08_P2.54mm,,,,tht,JST locking connector,,CONN-25026
J3,1,PinHeader_01x05_P2.54mm_Horizontal_SMD,PinHeader_01x05_P2.54mm_Vertical_THT_D1.4mm,,,,tht,"Male connector, single row",,
"JMP_BTN1, JMP_BTN2, JMP_BTN3, JMP_BTN4, JMP_BTN5, JMP_BTN6, JMP_BTN7, JMP_BTN8",8,~,Jumper_2_NO_NoSilk,,,,tht,"Solder Jumper, 2-pole, open",,
JP1,1,JUP_P5.08mm,JUP_P5.08mm,,,,tht,Through-Hole Jumpers or wire links with a pin space of 5.08mm,,
R1,1,10k,R_0805_2012Metric,,,,smt,"SMD 0805 Chip Resistor, US Symbol, Alternate KiCad Library",,
"R2, R3",2,22,R_0805_2012Metric,,,,smt,"SMD 0805 Chip Resistor, US Symbol, Alternate KiCad Library",,
"R4, R5",2,5.1k,R_0805_2012Metric,,,,smt,"SMD 0805 Chip Resistor, US Symbol, Alternate KiCad Library",,
SW1,1,Push_Button,SW_PUSH_6mm,,,,tht,Common 6mmx6mm Push Button,,
U1,1,~,LQFP-36_7x7mm_P0.65mm,,,,smt,,,
USB1,1,HRO-TYPE-C-31-M-12,HRO-TYPE-C-31-M-12-HandSoldering,,,,smt,,,
